{"cameraMode":{"drawMode":0,"name":"Shaded","section":"Shading Mode"},"sceneLighting":true,"audioPlay":false,"sceneViewState":{"showFog":true,"showMaterialUpdate":true,"showSkybox":true,"showFlares":true,"showImageEffects":true,"showParticleSystems":true},"in2DMode":false,"pivot":{"x":7.421172618865967,"y":7.20218563079834,"z":10.455584526062012},"rotation":{"x":0.27746325731277468,"y":-0.34251269698143008,"z":0.1066351979970932,"w":0.8912509679794312},"size":32.485355377197269,"orthographic":false}