{"cameraMode":{"drawMode":0,"name":"Shaded","section":"Shading Mode"},"sceneLighting":true,"audioPlay":false,"sceneViewState":{"showFog":true,"showMaterialUpdate":false,"showSkybox":true,"showFlares":true,"showImageEffects":true,"showParticleSystems":true},"in2DMode":false,"pivot":{"x":-10.630559921264649,"y":-23.944976806640626,"z":125.75825500488281},"rotation":{"x":-0.32183629274368288,"y":0.08032798022031784,"z":-0.027402805164456369,"w":-0.9429835081100464},"size":112.81854248046875,"orthographic":false}